{"-10.0": {"frequency": [3.0, 3.5, 4.0, 4.5, 5.0, 5.5, 6.0, 6.5, 7.0, 7.5, 8.0, 8.5, 9.0, 9.5, 10.0, 10.5, 11.0, 11.5, 12.0, 12.5, 13.0, 13.5, 14.0, 14.5, 15.0, 15.5, 16.0, 16.5, 17.0, 17.5, 18.0, 18.5, 19.0, 19.5, 20.0, 20.5, 21.0, 21.5, 22.0, 22.5, 23.0, 23.5, 24.0, 24.5, 25.0, 25.5, 26.0, 26.5, 27.0, 27.5, 28.0, 28.5, 29.0, 29.5, 30.0, 30.5, 31.0, 31.5, 32.0, 32.5, 33.0, 33.5, 34.0, 34.5, 35.0, 35.5, 36.0, 36.5, 37.0, 37.5, 38.0, 38.5, 39.0, 39.5, 40.0, 40.5, 41.0, 41.5, 42.0, 42.5, 43.0, 43.5, 44.0, 44.5, 45.0, 45.5, 46.0, 46.5, 47.0, 47.5, 48.0, 48.5, 49.0, 49.5, 50.0, 50.5, 51.0, 51.5, 52.0, 52.5, 53.0, 53.5, 54.0, 54.5, 55.0, 55.5, 56.0, 56.5, 57.0, 57.5, 58.0, 58.5, 59.0, 59.5, 60.0, 60.5, 61.0, 61.5, 62.0, 62.5, 63.0, 63.5, 64.0, 64.5, 65.0, 65.5, 66.0, 66.5, 67.0, 67.5, 68.0, 68.5, 69.0, 69.5, 70.0, 70.5, 71.0, 71.5, 72.0, 72.5, 73.0, 73.5, 74.0, 74.5, 75.0, 75.5, 76.0, 76.5, 77.0, 77.5, 78.0, 78.5, 79.0, 79.5, 80.0, 80.5, 81.0, 81.5, 82.0, 82.5, 83.0, 83.5, 84.0, 84.5, 85.0, 85.5, 86.0, 86.5, 87.0, 87.5, 88.0, 88.5, 89.0, 89.5, 90.0, 90.5, 91.0, 91.5, 92.0, 92.5, 93.0, 93.5, 94.0, 94.5, 95.0, 95.5, 96.0, 96.5, 97.0, 97.5, 98.0, 98.5, 99.0, 99.5, 100.0], "velocity": [168.1704260651629, 162.15538847117796, 500.0, 305.5137844611529, 248.37092731829574, 239.34837092731829, 222.30576441102755, 194.23558897243106, 182.20551378446115, 186.21553884711778, 198.24561403508773, 332.58145363408516, 175.18796992481202, 178.1954887218045, 181.203007518797, 180.2005012531328, 179.19799498746866, 179.19799498746866, 177.19298245614033, 174.18546365914787, 173.18295739348372, 173.18295739348372, 172.18045112781954, 172.18045112781954, 171.17794486215539, 171.17794486215539, 171.17794486215539, 172.18045112781954, 173.18295739348372, 173.18295739348372, 173.18295739348372, 173.18295739348372, 173.18295739348372, 172.18045112781954, 172.18045112781954, 171.17794486215539, 171.17794486215539, 171.17794486215539, 171.17794486215539, 295.4887218045113, 293.48370927318297, 171.17794486215539, 171.17794486215539, 171.17794486215539, 294.4862155388471, 290.4761904761905, 285.46365914786963, 281.453634085213, 276.44110275689223, 273.43358395989975, 272.43107769423557, 272.43107769423557, 269.4235588972431, 264.4110275689223, 260.4010025062656, 259.3984962406015, 288.4711779448621, 289.4736842105263, 288.4711779448621, 284.4611528822055, 279.44862155388466, 276.44110275689223, 273.43358395989975, 270.42606516290726, 267.4185463659148, 265.4135338345865, 265.4135338345865, 264.4110275689223, 263.4085213032581, 261.4035087719298, 259.3984962406015, 258.3959899749373, 425.8145363408521, 414.78696741854634, 404.76190476190476, 394.7368421052631, 384.71177944862154, 173.18295739348372, 173.18295739348372, 173.18295739348372, 173.18295739348372, 445.8646616541353, 434.83709273182956, 428.8220551378446, 423.8095238095238, 415.7894736842105, 407.76942355889724, 401.7543859649123, 217.29323308270676, 218.29573934837092, 260.4010025062656, 256.390977443609, 254.38596491228068, 252.38095238095238, 251.3784461152882, 249.3734335839599, 248.37092731829574, 246.3659147869674, 245.36340852130326, 243.35839598997492, 242.35588972431077, 204.26065162907267, 203.25814536340852, 246.3659147869674, 245.36340852130326, 243.35839598997492, 242.35588972431077, 240.35087719298244, 239.34837092731829, 239.34837092731829, 239.34837092731829, 238.34586466165413, 238.34586466165413, 237.34335839598998, 237.34335839598998, 237.34335839598998, 236.3408521303258, 236.3408521303258, 236.3408521303258, 236.3408521303258, 236.3408521303258, 236.3408521303258, 235.33834586466165, 234.3358395989975, 233.33333333333331, 231.328320802005, 231.328320802005, 230.32581453634086, 230.32581453634086, 229.32330827067668, 229.32330827067668, 228.32080200501252, 227.31829573934834, 245.36340852130326, 244.36090225563908, 244.36090225563908, 243.35839598997492, 242.35588972431077, 115.0375939849624, 109.02255639097744, 432.83208020050125, 424.812030075188, 116.04010025062657, 116.04010025062657, 116.04010025062657, 116.04010025062657, 500.0, 500.0, 495.98997493734333, 488.97243107769424, 121.05263157894737, 121.05263157894737, 121.05263157894737, 125.06265664160401, 125.06265664160401, 124.06015037593986, 124.06015037593986, 124.06015037593986, 124.06015037593986, 500.0, 491.97994987468667, 483.9598997493734, 476.9423558897243, 469.92481203007515, 465.91478696741854, 464.91228070175436, 460.90225563909775, 452.88220551378447, 441.85463659147865, 432.83208020050125, 426.8170426065163, 421.8045112781955, 416.79197994987464, 411.77944862155385, 407.76942355889724, 403.7593984962406, 125.06265664160401, 396.7418546365915, 453.8847117794486, 450.8771929824561, 447.8696741854636, 443.859649122807, 439.84962406015035, 434.83709273182956, 426.8170426065163, 419.79949874686713, 414.78696741854634, 409.77443609022555, 404.76190476190476, 401.7543859649123, 401.7543859649123, 401.7543859649123, 398.7468671679198, 422.8070175438596, 402.7568922305764], "valid": [true, true, true, true, true, true, true, true, true, true, true, true, true, true, true, true, true, true, true, true, true, true, true, true, true, true, true, true, true, true, true, true, true, true, true, true, true, true, true, true, true, true, true, true, true, true, true, true, true, true, true, true, true, true, true, true, true, true, true, true, true, true, true, true, true, true, true, true, true, true, true, true, true, true, true, true, true, true, true, true, true, true, true, true, true, true, true, true, true, true, true, true, true, true, true, true, true, true, true, true, true, true, true, true, true, true, true, true, true, true, true, true, true, true, true, true, true, true, true, true, true, true, true, true, true, true, true, true, true, true, true, true, true, true, true, true, true, true, true, true, true, true, true, true, true, true, true, true, true, true, true, true, true, true, true, true, true, true, true, true, true, true, true, true, true, true, true, true, true, true, true, true, true, true, true, true, true, true, true, true, true, true, true, true, true, true, true, true, true, true, true, true, true, true, true]}}