{"-40.0": {"frequency": [3.0, 3.5, 4.0, 4.5, 5.0, 5.5, 6.0, 6.5, 7.0, 7.5, 8.0, 8.5, 9.0, 9.5, 10.0, 10.5, 11.0, 11.5, 12.0, 12.5, 13.0, 13.5, 14.0, 14.5, 15.0, 15.5, 16.0, 16.5, 17.0, 17.5, 18.0, 18.5, 19.0, 19.5, 20.0, 20.5, 21.0, 21.5, 22.0, 22.5, 23.0, 23.5, 24.0, 24.5, 25.0, 25.5, 26.0, 26.5, 27.0, 27.5, 28.0, 28.5, 29.0, 29.5, 30.0, 30.5, 31.0, 31.5, 32.0, 32.5, 33.0, 33.5, 34.0, 34.5, 35.0, 35.5, 36.0, 36.5, 37.0, 37.5, 38.0, 38.5, 39.0, 39.5, 40.0, 40.5, 41.0, 41.5, 42.0, 42.5, 43.0, 43.5, 44.0, 44.5, 45.0, 45.5, 46.0, 46.5, 47.0, 47.5, 48.0, 48.5, 49.0, 49.5, 50.0, 50.5, 51.0, 51.5, 52.0, 52.5, 53.0, 53.5, 54.0, 54.5, 55.0, 55.5, 56.0, 56.5, 57.0, 57.5, 58.0, 58.5, 59.0, 59.5, 60.0, 60.5, 61.0, 61.5, 62.0, 62.5, 63.0, 63.5, 64.0, 64.5, 65.0, 65.5, 66.0, 66.5, 67.0, 67.5, 68.0, 68.5, 69.0, 69.5, 70.0, 70.5, 71.0, 71.5, 72.0, 72.5, 73.0, 73.5, 74.0, 74.5, 75.0, 75.5, 76.0, 76.5, 77.0, 77.5, 78.0, 78.5, 79.0, 79.5, 80.0, 80.5, 81.0, 81.5, 82.0, 82.5, 83.0, 83.5, 84.0, 84.5, 85.0, 85.5, 86.0, 86.5, 87.0, 87.5, 88.0, 88.5, 89.0, 89.5, 90.0, 90.5, 91.0, 91.5, 92.0, 92.5, 93.0, 93.5, 94.0, 94.5, 95.0, 95.5, 96.0, 96.5, 97.0, 97.5, 98.0, 98.5, 99.0, 99.5, 100.0], "velocity": [100.0, 100.0, 500.0, 500.0, 202.25563909774434, 215.28822055137846, 214.28571428571428, 199.24812030075188, 194.23558897243106, 196.2406015037594, 196.2406015037594, 187.21804511278197, 181.203007518797, 181.203007518797, 179.19799498746866, 175.18796992481202, 174.18546365914787, 174.18546365914787, 173.18295739348372, 173.18295739348372, 174.18546365914787, 173.18295739348372, 171.17794486215539, 171.17794486215539, 172.18045112781954, 172.18045112781954, 172.18045112781954, 172.18045112781954, 172.18045112781954, 171.17794486215539, 170.17543859649123, 170.17543859649123, 170.17543859649123, 170.17543859649123, 170.17543859649123, 171.17794486215539, 172.18045112781954, 174.18546365914787, 174.18546365914787, 260.4010025062656, 261.4035087719298, 260.4010025062656, 259.3984962406015, 258.3959899749373, 256.390977443609, 255.38847117794487, 253.38345864661653, 252.38095238095238, 170.17543859649123, 170.17543859649123, 170.17543859649123, 170.17543859649123, 170.17543859649123, 170.17543859649123, 251.3784461152882, 263.4085213032581, 266.4160401002506, 267.4185463659148, 265.4135338345865, 263.4085213032581, 262.406015037594, 260.4010025062656, 259.3984962406015, 257.39348370927314, 256.390977443609, 253.38345864661653, 251.3784461152882, 249.3734335839599, 283.45864661654133, 282.45614035087715, 281.453634085213, 279.44862155388466, 277.4436090225564, 275.43859649122805, 274.43609022556393, 273.43358395989975, 272.43107769423557, 272.43107769423557, 271.42857142857144, 269.4235588972431, 267.4185463659148, 246.3659147869674, 246.3659147869674, 418.796992481203, 412.78195488721803, 405.7644110275689, 397.7443609022556, 389.72431077694233, 239.34837092731829, 239.34837092731829, 238.34586466165413, 237.34335839598998, 236.3408521303258, 236.3408521303258, 236.3408521303258, 235.33834586466165, 270.42606516290726, 268.42105263157896, 265.4135338345865, 263.4085213032581, 260.4010025062656, 208.2706766917293, 370.6766917293233, 368.671679197995, 365.6641604010025, 364.6616541353383, 363.65914786967414, 362.65664160401, 363.65914786967414, 364.6616541353383, 365.6641604010025, 361.65413533834584, 356.64160401002505, 351.62907268170426, 348.6215538847118, 345.6140350877193, 342.6065162907268, 339.5989974937343, 336.59147869674183, 334.5864661654135, 332.58145363408516, 196.2406015037594, 195.23809523809524, 196.2406015037594, 196.2406015037594, 197.24310776942355, 344.6115288220551, 341.6040100250626, 441.85463659147865, 435.83959899749374, 197.24310776942355, 197.24310776942355, 197.24310776942355, 198.24561403508773, 198.24561403508773, 199.24812030075188, 199.24812030075188, 237.34335839598998, 238.34586466165413, 238.34586466165413, 239.34837092731829, 239.34837092731829, 239.34837092731829, 218.29573934837092, 218.29573934837092, 217.29323308270676, 217.29323308270676, 217.29323308270676, 217.29323308270676, 217.29323308270676, 217.29323308270676, 218.29573934837092, 218.29573934837092, 219.29824561403507, 220.30075187969925, 220.30075187969925, 221.3032581453634, 221.3032581453634, 460.90225563909775, 454.8872180451128, 448.8721804511278, 441.85463659147865, 217.29323308270676, 215.28822055137846, 183.2080200501253, 214.28571428571428, 179.19799498746866, 180.2005012531328, 181.203007518797, 183.2080200501253, 198.24561403508773, 198.24561403508773, 163.1578947368421, 164.16040100250626, 166.16541353383457, 166.16541353383457, 167.16791979949875, 168.1704260651629, 224.3107769423559, 467.91979949874684, 166.16541353383457, 170.17543859649123, 172.18045112781954, 171.17794486215539, 174.18546365914787, 217.29323308270676, 173.18295739348372, 174.18546365914787, 175.18796992481202, 177.19298245614033, 179.19799498746866, 181.203007518797, 183.2080200501253, 186.21553884711778, 179.19799498746866], "valid": [true, true, true, true, true, true, true, true, true, true, true, true, true, true, true, true, true, true, true, true, true, true, true, true, true, true, true, true, true, true, true, true, true, true, true, true, true, true, true, true, true, true, true, true, true, true, true, true, true, true, true, true, true, true, true, true, true, true, true, true, true, true, true, true, true, true, true, true, true, true, true, true, true, true, true, true, true, true, true, true, true, true, true, true, true, true, true, true, true, true, true, true, true, true, true, true, true, true, true, true, true, true, true, true, true, true, true, true, true, true, true, true, true, true, true, true, true, true, true, true, true, true, true, true, true, true, true, true, true, true, true, true, true, true, true, true, true, true, true, true, true, true, true, true, true, true, true, true, true, true, true, true, true, true, true, true, true, true, true, true, true, true, true, true, true, true, true, true, true, true, true, true, true, true, true, true, true, true, true, true, true, true, true, true, true, true, true, true, true, true, true, true, true, true, true]}}