{"-20.0": {"frequency": [3.0, 3.5, 4.0, 4.5, 5.0, 5.5, 6.0, 6.5, 7.0, 7.5, 8.0, 8.5, 9.0, 9.5, 10.0, 10.5, 11.0, 11.5, 12.0, 12.5, 13.0, 13.5, 14.0, 14.5, 15.0, 15.5, 16.0, 16.5, 17.0, 17.5, 18.0, 18.5, 19.0, 19.5, 20.0, 20.5, 21.0, 21.5, 22.0, 22.5, 23.0, 23.5, 24.0, 24.5, 25.0, 25.5, 26.0, 26.5, 27.0, 27.5, 28.0, 28.5, 29.0, 29.5, 30.0, 30.5, 31.0, 31.5, 32.0, 32.5, 33.0, 33.5, 34.0, 34.5, 35.0, 35.5, 36.0, 36.5, 37.0, 37.5, 38.0, 38.5, 39.0, 39.5, 40.0, 40.5, 41.0, 41.5, 42.0, 42.5, 43.0, 43.5, 44.0, 44.5, 45.0, 45.5, 46.0, 46.5, 47.0, 47.5, 48.0, 48.5, 49.0, 49.5, 50.0, 50.5, 51.0, 51.5, 52.0, 52.5, 53.0, 53.5, 54.0, 54.5, 55.0, 55.5, 56.0, 56.5, 57.0, 57.5, 58.0, 58.5, 59.0, 59.5, 60.0, 60.5, 61.0, 61.5, 62.0, 62.5, 63.0, 63.5, 64.0, 64.5, 65.0, 65.5, 66.0, 66.5, 67.0, 67.5, 68.0, 68.5, 69.0, 69.5, 70.0, 70.5, 71.0, 71.5, 72.0, 72.5, 73.0, 73.5, 74.0, 74.5, 75.0, 75.5, 76.0, 76.5, 77.0, 77.5, 78.0, 78.5, 79.0, 79.5, 80.0, 80.5, 81.0, 81.5, 82.0, 82.5, 83.0, 83.5, 84.0, 84.5, 85.0, 85.5, 86.0, 86.5, 87.0, 87.5, 88.0, 88.5, 89.0, 89.5, 90.0, 90.5, 91.0, 91.5, 92.0, 92.5, 93.0, 93.5, 94.0, 94.5, 95.0, 95.5, 96.0, 96.5, 97.0, 97.5, 98.0, 98.5, 99.0, 99.5, 100.0], "velocity": [118.04511278195488, 282.45614035087715, 245.36340852130326, 183.2080200501253, 261.4035087719298, 301.50375939849624, 232.33082706766916, 246.3659147869674, 224.3107769423559, 190.22556390977445, 199.24812030075188, 199.24812030075188, 189.22305764411027, 182.20551378446115, 182.20551378446115, 183.2080200501253, 184.21052631578948, 182.20551378446115, 178.1954887218045, 176.1904761904762, 177.19298245614033, 177.19298245614033, 175.18796992481202, 174.18546365914787, 174.18546365914787, 174.18546365914787, 173.18295739348372, 171.17794486215539, 170.17543859649123, 169.17293233082705, 170.17543859649123, 170.17543859649123, 170.17543859649123, 169.17293233082705, 168.1704260651629, 168.1704260651629, 168.1704260651629, 168.1704260651629, 168.1704260651629, 168.1704260651629, 168.1704260651629, 167.16791979949875, 167.16791979949875, 167.16791979949875, 167.16791979949875, 167.16791979949875, 167.16791979949875, 167.16791979949875, 167.16791979949875, 167.16791979949875, 168.1704260651629, 168.1704260651629, 169.17293233082705, 169.17293233082705, 169.17293233082705, 169.17293233082705, 169.17293233082705, 169.17293233082705, 293.48370927318297, 292.4812030075188, 287.468671679198, 280.4511278195489, 275.43859649122805, 272.43107769423557, 270.42606516290726, 267.4185463659148, 266.4160401002506, 264.4110275689223, 223.30827067669173, 192.23057644110276, 224.3107769423559, 174.18546365914787, 174.18546365914787, 175.18796992481202, 175.18796992481202, 384.71177944862154, 376.69172932330827, 367.6691729323308, 359.64912280701753, 226.31578947368422, 226.31578947368422, 226.31578947368422, 226.31578947368422, 227.31829573934834, 228.32080200501252, 229.32330827067668, 230.32581453634086, 230.32581453634086, 229.32330827067668, 229.32330827067668, 229.32330827067668, 229.32330827067668, 228.32080200501252, 228.32080200501252, 227.31829573934834, 227.31829573934834, 226.31578947368422, 226.31578947368422, 226.31578947368422, 225.31328320802004, 225.31328320802004, 225.31328320802004, 225.31328320802004, 224.3107769423559, 223.30827067669173, 223.30827067669173, 222.30576441102755, 222.30576441102755, 222.30576441102755, 371.6791979949875, 367.6691729323308, 363.65914786967414, 360.6516290726817, 357.64411027568923, 356.64160401002505, 424.812030075188, 417.7944862155388, 408.77192982456137, 394.7368421052631, 379.69924812030075, 374.68671679197996, 371.6791979949875, 367.6691729323308, 362.65664160401, 358.64661654135335, 355.6390977443609, 351.62907268170426, 348.6215538847118, 344.6115288220551, 296.49122807017545, 390.7268170426065, 114.03508771929825, 114.03508771929825, 114.03508771929825, 114.03508771929825, 114.03508771929825, 114.03508771929825, 114.03508771929825, 405.7644110275689, 401.7543859649123, 398.7468671679198, 394.7368421052631, 391.72932330827064, 388.72180451127815, 238.34586466165413, 238.34586466165413, 238.34586466165413, 238.34586466165413, 239.34837092731829, 240.35087719298244, 241.35338345864662, 241.35338345864662, 351.62907268170426, 349.62406015037595, 346.61654135338347, 343.609022556391, 341.6040100250626, 338.59649122807014, 335.58897243107765, 357.64411027568923, 113.03258145363408, 351.62907268170426, 348.6215538847118, 346.61654135338347, 344.6115288220551, 342.6065162907268, 340.6015037593985, 173.18295739348372, 138.0952380952381, 167.16791979949875, 475.9398496240601, 469.92481203007515, 464.91228070175436, 456.8922305764411, 445.8646616541353, 437.84461152882204, 430.8270676691729, 422.8070175438596, 175.18796992481202, 115.0375939849624, 155.1378446115288, 156.140350877193, 101.00250626566417, 434.83709273182956, 428.8220551378446, 421.8045112781955, 417.7944862155388, 413.7844611528822, 408.77192982456137, 402.7568922305764, 192.23057644110276, 192.23057644110276, 192.23057644110276, 459.89974937343356, 452.88220551378447], "valid": [true, true, true, true, true, true, true, true, true, true, true, true, true, true, true, true, true, true, true, true, true, true, true, true, true, true, true, true, true, true, true, true, true, true, true, true, true, true, true, true, true, true, true, true, true, true, true, true, true, true, true, true, true, true, true, true, true, true, true, true, true, true, true, true, true, true, true, true, true, true, true, true, true, true, true, true, true, true, true, true, true, true, true, true, true, true, true, true, true, true, true, true, true, true, true, true, true, true, true, true, true, true, true, true, true, true, true, true, true, true, true, true, true, true, true, true, true, true, true, true, true, true, true, true, true, true, true, true, true, true, true, true, true, true, true, true, true, true, true, true, true, true, true, true, true, true, true, true, true, true, true, true, true, true, true, true, true, true, true, true, true, true, true, true, true, true, true, true, true, true, true, true, true, true, true, true, true, true, true, true, true, true, true, true, true, true, true, true, true, true, true, true, true, true, true]}}