{"-5.0": {"frequency": [3.0, 3.5, 4.0, 4.5, 5.0, 5.5, 6.0, 6.5, 7.0, 7.5, 8.0, 8.5, 9.0, 9.5, 10.0, 10.5, 11.0, 11.5, 12.0, 12.5, 13.0, 13.5, 14.0, 14.5, 15.0, 15.5, 16.0, 16.5, 17.0, 17.5, 18.0, 18.5, 19.0, 19.5, 20.0, 20.5, 21.0, 21.5, 22.0, 22.5, 23.0, 23.5, 24.0, 24.5, 25.0, 25.5, 26.0, 26.5, 27.0, 27.5, 28.0, 28.5, 29.0, 29.5, 30.0, 30.5, 31.0, 31.5, 32.0, 32.5, 33.0, 33.5, 34.0, 34.5, 35.0, 35.5, 36.0, 36.5, 37.0, 37.5, 38.0, 38.5, 39.0, 39.5, 40.0, 40.5, 41.0, 41.5, 42.0, 42.5, 43.0, 43.5, 44.0, 44.5, 45.0, 45.5, 46.0, 46.5, 47.0, 47.5, 48.0, 48.5, 49.0, 49.5, 50.0, 50.5, 51.0, 51.5, 52.0, 52.5, 53.0, 53.5, 54.0, 54.5, 55.0, 55.5, 56.0, 56.5, 57.0, 57.5, 58.0, 58.5, 59.0, 59.5, 60.0, 60.5, 61.0, 61.5, 62.0, 62.5, 63.0, 63.5, 64.0, 64.5, 65.0, 65.5, 66.0, 66.5, 67.0, 67.5, 68.0, 68.5, 69.0, 69.5, 70.0, 70.5, 71.0, 71.5, 72.0, 72.5, 73.0, 73.5, 74.0, 74.5, 75.0, 75.5, 76.0, 76.5, 77.0, 77.5, 78.0, 78.5, 79.0, 79.5, 80.0, 80.5, 81.0, 81.5, 82.0, 82.5, 83.0, 83.5, 84.0, 84.5, 85.0, 85.5, 86.0, 86.5, 87.0, 87.5, 88.0, 88.5, 89.0, 89.5, 90.0, 90.5, 91.0, 91.5, 92.0, 92.5, 93.0, 93.5, 94.0, 94.5, 95.0, 95.5, 96.0, 96.5, 97.0, 97.5, 98.0, 98.5, 99.0, 99.5, 100.0], "velocity": [152.13032581453632, 162.15538847117796, 133.08270676691728, 281.453634085213, 352.63157894736844, 500.0, 500.0, 203.25814536340852, 194.23558897243106, 201.2531328320802, 204.26065162907267, 167.16791979949875, 163.1578947368421, 171.17794486215539, 173.18295739348372, 174.18546365914787, 171.17794486215539, 172.18045112781954, 175.18796992481202, 173.18295739348372, 167.16791979949875, 165.16290726817044, 166.16541353383457, 169.17293233082705, 170.17543859649123, 169.17293233082705, 167.16791979949875, 166.16541353383457, 166.16541353383457, 163.1578947368421, 161.15288220551378, 161.15288220551378, 163.1578947368421, 165.16290726817044, 169.17293233082705, 172.18045112781954, 172.18045112781954, 170.17543859649123, 168.1704260651629, 168.1704260651629, 168.1704260651629, 169.17293233082705, 169.17293233082705, 168.1704260651629, 167.16791979949875, 167.16791979949875, 167.16791979949875, 167.16791979949875, 167.16791979949875, 167.16791979949875, 166.16541353383457, 166.16541353383457, 165.16290726817044, 165.16290726817044, 164.16040100250626, 164.16040100250626, 164.16040100250626, 163.1578947368421, 277.4436090225564, 273.43358395989975, 268.42105263157896, 267.4185463659148, 281.453634085213, 278.44611528822054, 274.43609022556393, 272.43107769423557, 270.42606516290726, 267.4185463659148, 263.4085213032581, 260.4010025062656, 259.3984962406015, 257.39348370927314, 256.390977443609, 255.38847117794487, 256.390977443609, 257.39348370927314, 255.38847117794487, 252.38095238095238, 249.3734335839599, 247.36842105263156, 244.36090225563908, 241.35338345864662, 239.34837092731829, 236.3408521303258, 233.33333333333331, 231.328320802005, 230.32581453634086, 228.32080200501252, 226.31578947368422, 224.3107769423559, 223.30827067669173, 256.390977443609, 254.38596491228068, 252.38095238095238, 250.37593984962405, 248.37092731829574, 246.3659147869674, 245.36340852130326, 243.35839598997492, 242.35588972431077, 241.35338345864662, 241.35338345864662, 240.35087719298244, 239.34837092731829, 238.34586466165413, 213.28320802005013, 212.28070175438597, 212.28070175438597, 211.2781954887218, 211.2781954887218, 210.27568922305764, 210.27568922305764, 209.2731829573935, 209.2731829573935, 208.2706766917293, 208.2706766917293, 208.2706766917293, 208.2706766917293, 208.2706766917293, 207.26817042606515, 207.26817042606515, 207.26817042606515, 207.26817042606515, 207.26817042606515, 207.26817042606515, 207.26817042606515, 192.23057644110276, 192.23057644110276, 192.23057644110276, 192.23057644110276, 192.23057644110276, 192.23057644110276, 192.23057644110276, 192.23057644110276, 192.23057644110276, 192.23057644110276, 192.23057644110276, 192.23057644110276, 192.23057644110276, 193.2330827067669, 194.23558897243106, 195.23809523809524, 195.23809523809524, 195.23809523809524, 194.23558897243106, 194.23558897243106, 194.23558897243106, 212.28070175438597, 211.2781954887218, 210.27568922305764, 106.01503759398496, 196.2406015037594, 196.2406015037594, 195.23809523809524, 351.62907268170426, 348.6215538847118, 345.6140350877193, 343.609022556391, 342.6065162907268, 340.6015037593985, 339.5989974937343, 338.59649122807014, 338.59649122807014, 340.6015037593985, 345.6140350877193, 345.6140350877193, 344.6115288220551, 343.609022556391, 342.6065162907268, 341.6040100250626, 116.04010025062657, 339.5989974937343, 339.5989974937343, 338.59649122807014, 339.5989974937343, 340.6015037593985, 341.6040100250626, 342.6065162907268, 341.6040100250626, 340.6015037593985, 340.6015037593985, 339.5989974937343, 338.59649122807014, 121.05263157894737, 335.58897243107765, 335.58897243107765, 122.05513784461152, 337.593984962406, 339.5989974937343, 339.5989974937343, 338.59649122807014, 160.15037593984962, 161.15288220551378, 161.15288220551378, 161.15288220551378], "valid": [true, true, true, true, true, true, true, true, true, true, true, true, true, true, true, true, true, true, true, true, true, true, true, true, true, true, true, true, true, true, true, true, true, true, true, true, true, true, true, true, true, true, true, true, true, true, true, true, true, true, true, true, true, true, true, true, true, true, true, true, true, true, true, true, true, true, true, true, true, true, true, true, true, true, true, true, true, true, true, true, true, true, true, true, true, true, true, true, true, true, true, true, true, true, true, true, true, true, true, true, true, true, true, true, true, true, true, true, true, true, true, true, true, true, true, true, true, true, true, true, true, true, true, true, true, true, true, true, true, true, true, true, true, true, true, true, true, true, true, true, true, true, true, true, true, true, true, true, true, true, true, true, true, true, true, true, true, true, true, true, true, true, true, true, true, true, true, true, true, true, true, true, true, true, true, true, true, true, true, true, true, true, true, true, true, true, true, true, true, true, true, true, true, true, true]}}