{"-20.0": {"frequency": [3.0, 3.5, 4.0, 4.5, 5.0, 5.5, 6.0, 6.5, 7.0, 7.5, 8.0, 8.5, 9.0, 9.5, 10.0, 10.5, 11.0, 11.5, 12.0, 12.5, 13.0, 13.5, 14.0, 14.5, 15.0, 15.5, 16.0, 16.5, 17.0, 17.5, 18.0, 18.5, 19.0, 19.5, 20.0, 20.5, 21.0, 21.5, 22.0, 22.5, 23.0, 23.5, 24.0, 24.5, 25.0, 25.5, 26.0, 26.5, 27.0, 27.5, 28.0, 28.5, 29.0, 29.5, 30.0, 30.5, 31.0, 31.5, 32.0, 32.5, 33.0, 33.5, 34.0, 34.5, 35.0, 35.5, 36.0, 36.5, 37.0, 37.5, 38.0, 38.5, 39.0, 39.5, 40.0, 40.5, 41.0, 41.5, 42.0, 42.5, 43.0, 43.5, 44.0, 44.5, 45.0, 45.5, 46.0, 46.5, 47.0, 47.5, 48.0, 48.5, 49.0, 49.5, 50.0, 50.5, 51.0, 51.5, 52.0, 52.5, 53.0, 53.5, 54.0, 54.5, 55.0, 55.5, 56.0, 56.5, 57.0, 57.5, 58.0, 58.5, 59.0, 59.5, 60.0, 60.5, 61.0, 61.5, 62.0, 62.5, 63.0, 63.5, 64.0, 64.5, 65.0, 65.5, 66.0, 66.5, 67.0, 67.5, 68.0, 68.5, 69.0, 69.5, 70.0, 70.5, 71.0, 71.5, 72.0, 72.5, 73.0, 73.5, 74.0, 74.5, 75.0, 75.5, 76.0, 76.5, 77.0, 77.5, 78.0, 78.5, 79.0, 79.5, 80.0, 80.5, 81.0, 81.5, 82.0, 82.5, 83.0, 83.5, 84.0, 84.5, 85.0, 85.5, 86.0, 86.5, 87.0, 87.5, 88.0, 88.5, 89.0, 89.5, 90.0, 90.5, 91.0, 91.5, 92.0, 92.5, 93.0, 93.5, 94.0, 94.5, 95.0, 95.5, 96.0, 96.5, 97.0, 97.5, 98.0, 98.5, 99.0, 99.5, 100.0], "velocity": [255.38847117794487, 205.26315789473682, 205.26315789473682, 217.29323308270676, 217.29323308270676, 208.2706766917293, 201.2531328320802, 196.2406015037594, 190.22556390977445, 186.21553884711778, 184.21052631578948, 183.2080200501253, 182.20551378446115, 181.203007518797, 181.203007518797, 180.2005012531328, 178.1954887218045, 176.1904761904762, 175.18796992481202, 174.18546365914787, 175.18796992481202, 175.18796992481202, 176.1904761904762, 176.1904761904762, 177.19298245614033, 179.19799498746866, 179.19799498746866, 179.19799498746866, 178.1954887218045, 178.1954887218045, 178.1954887218045, 178.1954887218045, 178.1954887218045, 179.19799498746866, 180.2005012531328, 180.2005012531328, 181.203007518797, 181.203007518797, 180.2005012531328, 180.2005012531328, 180.2005012531328, 179.19799498746866, 178.1954887218045, 177.19298245614033, 176.1904761904762, 175.18796992481202, 174.18546365914787, 173.18295739348372, 172.18045112781954, 340.6015037593985, 334.5864661654135, 330.5764411027569, 326.56641604010025, 321.55388471177946, 317.5438596491228, 314.5363408521303, 308.52130325814534, 302.5062656641604, 298.49624060150376, 296.49122807017545, 295.4887218045113, 295.4887218045113, 296.49122807017545, 347.6190476190476, 346.61654135338347, 344.6115288220551, 155.1378446115288, 155.1378446115288, 155.1378446115288, 155.1378446115288, 173.18295739348372, 173.18295739348372, 154.13533834586465, 152.13032581453632, 152.13032581453632, 346.61654135338347, 345.6140350877193, 345.6140350877193, 345.6140350877193, 343.609022556391, 341.6040100250626, 339.5989974937343, 337.593984962406, 334.5864661654135, 331.57894736842104, 328.57142857142856, 326.56641604010025, 324.56140350877195, 321.55388471177946, 318.546365914787, 316.5413533834586, 315.5388471177945, 314.5363408521303, 313.5338345864661, 313.5338345864661, 314.5363408521303, 315.5388471177945, 315.5388471177945, 315.5388471177945, 314.5363408521303, 314.5363408521303, 424.812030075188, 420.8020050125313, 416.79197994987464, 323.55889724310777, 409.77443609022555, 408.77192982456137, 407.76942355889724, 407.76942355889724, 408.77192982456137, 325.56390977443607, 326.56641604010025, 326.56641604010025, 327.56892230576443, 329.5739348370927, 330.5764411027569, 329.5739348370927, 230.32581453634086, 230.32581453634086, 230.32581453634086, 230.32581453634086, 361.65413533834584, 360.6516290726817, 358.64661654135335, 356.64160401002505, 353.63408521303256, 350.6265664160401, 346.61654135338347, 140.1002506265664, 209.2731829573935, 209.2731829573935, 209.2731829573935, 290.4761904761905, 288.4711779448621, 239.34837092731829, 239.34837092731829, 238.34586466165413, 238.34586466165413, 237.34335839598998, 237.34335839598998, 236.3408521303258, 206.265664160401, 299.49874686716794, 298.49624060150376, 298.49624060150376, 298.49624060150376, 298.49624060150376, 299.49874686716794, 298.49624060150376, 296.49122807017545, 400.7518796992481, 399.74937343358397, 397.7443609022556, 394.7368421052631, 389.72431077694233, 385.7142857142857, 384.71177944862154, 342.6065162907268, 111.02756892230576, 345.6140350877193, 348.6215538847118, 136.09022556390977, 137.09273182957395, 138.0952380952381, 139.09774436090225, 139.09774436090225, 342.6065162907268, 342.6065162907268, 341.6040100250626, 332.58145363408516, 329.5739348370927, 392.7318295739348, 393.734335839599, 391.72932330827064, 386.71679197994985, 382.70676691729324, 382.70676691729324, 389.72431077694233, 395.7393483709273, 394.7368421052631, 456.8922305764411, 452.88220551378447, 199.24812030075188, 200.25062656641603, 200.25062656641603, 391.72932330827064, 385.7142857142857, 379.69924812030075, 374.68671679197996, 352.63157894736844, 343.609022556391, 343.609022556391, 344.6115288220551, 344.6115288220551, 343.609022556391], "valid": [true, true, true, true, true, true, true, true, true, true, true, true, true, true, true, true, true, true, true, true, true, true, true, true, true, true, true, true, true, true, true, true, true, true, true, true, true, true, true, true, true, true, true, true, true, true, true, true, true, true, true, true, true, true, true, true, true, true, true, true, true, true, true, true, true, true, true, true, true, true, true, true, true, true, true, true, true, true, true, true, true, true, true, true, true, true, true, true, true, true, true, true, true, true, true, true, true, true, true, true, true, true, true, true, true, true, true, true, true, true, true, true, true, true, true, true, true, true, true, true, true, true, true, true, true, true, true, true, true, true, true, true, true, true, true, true, true, true, true, true, true, true, true, true, true, true, true, true, true, true, true, true, true, true, true, true, true, true, true, true, true, true, true, true, true, true, true, true, true, true, true, true, true, true, true, true, true, true, true, true, true, true, true, true, true, true, true, true, true, true, true, true, true, true, true]}}