{"-40.0": {"frequency": [3.0, 3.5, 4.0, 4.5, 5.0, 5.5, 6.0, 6.5, 7.0, 7.5, 8.0, 8.5, 9.0, 9.5, 10.0, 10.5, 11.0, 11.5, 12.0, 12.5, 13.0, 13.5, 14.0, 14.5, 15.0, 15.5, 16.0, 16.5, 17.0, 17.5, 18.0, 18.5, 19.0, 19.5, 20.0, 20.5, 21.0, 21.5, 22.0, 22.5, 23.0, 23.5, 24.0, 24.5, 25.0, 25.5, 26.0, 26.5, 27.0, 27.5, 28.0, 28.5, 29.0, 29.5, 30.0, 30.5, 31.0, 31.5, 32.0, 32.5, 33.0, 33.5, 34.0, 34.5, 35.0, 35.5, 36.0, 36.5, 37.0, 37.5, 38.0, 38.5, 39.0, 39.5, 40.0, 40.5, 41.0, 41.5, 42.0, 42.5, 43.0, 43.5, 44.0, 44.5, 45.0, 45.5, 46.0, 46.5, 47.0, 47.5, 48.0, 48.5, 49.0, 49.5, 50.0, 50.5, 51.0, 51.5, 52.0, 52.5, 53.0, 53.5, 54.0, 54.5, 55.0, 55.5, 56.0, 56.5, 57.0, 57.5, 58.0, 58.5, 59.0, 59.5, 60.0, 60.5, 61.0, 61.5, 62.0, 62.5, 63.0, 63.5, 64.0, 64.5, 65.0, 65.5, 66.0, 66.5, 67.0, 67.5, 68.0, 68.5, 69.0, 69.5, 70.0, 70.5, 71.0, 71.5, 72.0, 72.5, 73.0, 73.5, 74.0, 74.5, 75.0, 75.5, 76.0, 76.5, 77.0, 77.5, 78.0, 78.5, 79.0, 79.5, 80.0, 80.5, 81.0, 81.5, 82.0, 82.5, 83.0, 83.5, 84.0, 84.5, 85.0, 85.5, 86.0, 86.5, 87.0, 87.5, 88.0, 88.5, 89.0, 89.5, 90.0, 90.5, 91.0, 91.5, 92.0, 92.5, 93.0, 93.5, 94.0, 94.5, 95.0, 95.5, 96.0, 96.5, 97.0, 97.5, 98.0, 98.5, 99.0, 99.5, 100.0], "velocity": [145.11278195488723, 136.09022556390977, 177.19298245614033, 203.25814536340852, 218.29573934837092, 215.28822055137846, 195.23809523809524, 201.2531328320802, 214.28571428571428, 222.30576441102755, 220.30075187969925, 212.28070175438597, 210.27568922305764, 208.2706766917293, 204.26065162907267, 200.25062656641603, 197.24310776942355, 195.23809523809524, 193.2330827067669, 191.22807017543857, 190.22556390977445, 189.22305764411027, 188.22055137844612, 187.21804511278197, 186.21553884711778, 186.21553884711778, 186.21553884711778, 185.21303258145363, 185.21303258145363, 185.21303258145363, 184.21052631578948, 184.21052631578948, 185.21303258145363, 185.21303258145363, 185.21303258145363, 185.21303258145363, 185.21303258145363, 185.21303258145363, 186.21553884711778, 186.21553884711778, 187.21804511278197, 187.21804511278197, 187.21804511278197, 188.22055137844612, 189.22305764411027, 191.22807017543857, 192.23057644110276, 192.23057644110276, 193.2330827067669, 193.2330827067669, 194.23558897243106, 150.12531328320802, 151.12781954887217, 153.1328320802005, 154.13533834586465, 187.21804511278197, 188.22055137844612, 189.22305764411027, 189.22305764411027, 190.22556390977445, 191.22807017543857, 191.22807017543857, 192.23057644110276, 192.23057644110276, 192.23057644110276, 192.23057644110276, 193.2330827067669, 168.1704260651629, 170.17543859649123, 171.17794486215539, 172.18045112781954, 173.18295739348372, 163.1578947368421, 163.1578947368421, 164.16040100250626, 287.468671679198, 286.4661654135338, 282.45614035087715, 277.4436090225564, 275.43859649122805, 274.43609022556393, 271.42857142857144, 264.4110275689223, 260.4010025062656, 258.3959899749373, 256.390977443609, 254.38596491228068, 251.3784461152882, 249.3734335839599, 249.3734335839599, 250.37593984962405, 250.37593984962405, 201.2531328320802, 251.3784461152882, 251.3784461152882, 250.37593984962405, 199.24812030075188, 199.24812030075188, 100.0, 109.02255639097744, 118.04511278195488, 118.04511278195488, 110.02506265664161, 111.02756892230576, 127.06766917293233, 127.06766917293233, 127.06766917293233, 126.06516290726816, 126.06516290726816, 126.06516290726816, 127.06766917293233, 127.06766917293233, 128.0701754385965, 128.0701754385965, 128.0701754385965, 129.07268170426065, 130.0751879699248, 130.0751879699248, 130.0751879699248, 130.0751879699248, 131.07769423558898, 131.07769423558898, 131.07769423558898, 162.15538847117796, 163.1578947368421, 163.1578947368421, 174.18546365914787, 174.18546365914787, 166.16541353383457, 126.06516290726816, 127.06766917293233, 127.06766917293233, 121.05263157894737, 122.05513784461152, 136.09022556390977, 137.09273182957395, 138.0952380952381, 140.1002506265664, 141.10275689223056, 142.10526315789474, 136.09022556390977, 137.09273182957395, 138.0952380952381, 138.0952380952381, 136.09022556390977, 137.09273182957395, 138.0952380952381, 158.1453634085213, 159.14786967418547, 160.15037593984962, 160.15037593984962, 160.15037593984962, 160.15037593984962, 158.1453634085213, 148.1203007518797, 149.12280701754386, 137.09273182957395, 137.09273182957395, 137.09273182957395, 131.07769423558898, 131.07769423558898, 137.09273182957395, 138.0952380952381, 139.09774436090225, 139.09774436090225, 139.09774436090225, 138.0952380952381, 138.0952380952381, 139.09774436090225, 139.09774436090225, 133.08270676691728, 133.08270676691728, 157.14285714285714, 134.08521303258146, 134.08521303258146, 140.1002506265664, 140.1002506265664, 258.3959899749373, 392.7318295739348, 386.71679197994985, 377.6942355889724, 352.63157894736844, 343.609022556391, 336.59147869674183, 329.5739348370927, 319.5488721804511, 312.531328320802, 310.52631578947364, 412.78195488721803, 325.56390977443607, 335.58897243107765, 354.6365914786967, 380.7017543859649, 392.7318295739348, 246.3659147869674], "valid": [true, true, true, true, true, true, true, true, true, true, true, true, true, true, true, true, true, true, true, true, true, true, true, true, true, true, true, true, true, true, true, true, true, true, true, true, true, true, true, true, true, true, true, true, true, true, true, true, true, true, true, true, true, true, true, true, true, true, true, true, true, true, true, true, true, true, true, true, true, true, true, true, true, true, true, true, true, true, true, true, true, true, true, true, true, true, true, true, true, true, true, true, true, true, true, true, true, true, true, true, true, true, true, true, true, true, true, true, true, true, true, true, true, true, true, true, true, true, true, true, true, true, true, true, true, true, true, true, true, true, true, true, true, true, true, true, true, true, true, true, true, true, true, true, true, true, true, true, true, true, true, true, true, true, true, true, true, true, true, true, true, true, true, true, true, true, true, true, true, true, true, true, true, true, true, true, true, true, true, true, true, true, true, true, true, true, true, true, true, true, true, true, true, true, true]}}