{"-10.0": {"frequency": [3.0, 3.5, 4.0, 4.5, 5.0, 5.5, 6.0, 6.5, 7.0, 7.5, 8.0, 8.5, 9.0, 9.5, 10.0, 10.5, 11.0, 11.5, 12.0, 12.5, 13.0, 13.5, 14.0, 14.5, 15.0, 15.5, 16.0, 16.5, 17.0, 17.5, 18.0, 18.5, 19.0, 19.5, 20.0, 20.5, 21.0, 21.5, 22.0, 22.5, 23.0, 23.5, 24.0, 24.5, 25.0, 25.5, 26.0, 26.5, 27.0, 27.5, 28.0, 28.5, 29.0, 29.5, 30.0, 30.5, 31.0, 31.5, 32.0, 32.5, 33.0, 33.5, 34.0, 34.5, 35.0, 35.5, 36.0, 36.5, 37.0, 37.5, 38.0, 38.5, 39.0, 39.5, 40.0, 40.5, 41.0, 41.5, 42.0, 42.5, 43.0, 43.5, 44.0, 44.5, 45.0, 45.5, 46.0, 46.5, 47.0, 47.5, 48.0, 48.5, 49.0, 49.5, 50.0, 50.5, 51.0, 51.5, 52.0, 52.5, 53.0, 53.5, 54.0, 54.5, 55.0, 55.5, 56.0, 56.5, 57.0, 57.5, 58.0, 58.5, 59.0, 59.5, 60.0, 60.5, 61.0, 61.5, 62.0, 62.5, 63.0, 63.5, 64.0, 64.5, 65.0, 65.5, 66.0, 66.5, 67.0, 67.5, 68.0, 68.5, 69.0, 69.5, 70.0, 70.5, 71.0, 71.5, 72.0, 72.5, 73.0, 73.5, 74.0, 74.5, 75.0, 75.5, 76.0, 76.5, 77.0, 77.5, 78.0, 78.5, 79.0, 79.5, 80.0, 80.5, 81.0, 81.5, 82.0, 82.5, 83.0, 83.5, 84.0, 84.5, 85.0, 85.5, 86.0, 86.5, 87.0, 87.5, 88.0, 88.5, 89.0, 89.5, 90.0, 90.5, 91.0, 91.5, 92.0, 92.5, 93.0, 93.5, 94.0, 94.5, 95.0, 95.5, 96.0, 96.5, 97.0, 97.5, 98.0, 98.5, 99.0, 99.5, 100.0], "velocity": [252.38095238095238, 469.92481203007515, 500.0, 227.31829573934834, 240.35087719298244, 200.25062656641603, 213.28320802005013, 250.37593984962405, 250.37593984962405, 231.328320802005, 178.1954887218045, 167.16791979949875, 298.49624060150376, 241.35338345864662, 204.26065162907267, 176.1904761904762, 166.16541353383457, 263.4085213032581, 193.2330827067669, 191.22807017543857, 187.21804511278197, 182.20551378446115, 179.19799498746866, 181.203007518797, 183.2080200501253, 182.20551378446115, 179.19799498746866, 178.1954887218045, 178.1954887218045, 179.19799498746866, 180.2005012531328, 180.2005012531328, 180.2005012531328, 181.203007518797, 180.2005012531328, 179.19799498746866, 178.1954887218045, 178.1954887218045, 179.19799498746866, 178.1954887218045, 178.1954887218045, 177.19298245614033, 177.19298245614033, 176.1904761904762, 176.1904761904762, 174.18546365914787, 173.18295739348372, 173.18295739348372, 173.18295739348372, 172.18045112781954, 172.18045112781954, 170.17543859649123, 167.16791979949875, 166.16541353383457, 166.16541353383457, 165.16290726817044, 163.1578947368421, 159.14786967418547, 153.1328320802005, 385.7142857142857, 379.69924812030075, 371.6791979949875, 188.22055137844612, 186.21553884711778, 185.21303258145363, 184.21052631578948, 182.20551378446115, 176.1904761904762, 398.7468671679198, 394.7368421052631, 388.72180451127815, 379.69924812030075, 372.6817042606516, 168.1704260651629, 167.16791979949875, 166.16541353383457, 165.16290726817044, 163.1578947368421, 161.15288220551378, 160.15037593984962, 159.14786967418547, 158.1453634085213, 158.1453634085213, 158.1453634085213, 158.1453634085213, 147.11779448621553, 343.609022556391, 146.11528822055138, 146.11528822055138, 146.11528822055138, 146.11528822055138, 146.11528822055138, 147.11779448621553, 147.11779448621553, 140.1002506265664, 139.09774436090225, 366.66666666666663, 361.65413533834584, 357.64411027568923, 353.63408521303256, 349.62406015037595, 345.6140350877193, 340.6015037593985, 336.59147869674183, 333.5839598997494, 331.57894736842104, 328.57142857142856, 325.56390977443607, 323.55889724310777, 137.09273182957395, 137.09273182957395, 358.64661654135335, 138.0952380952381, 138.0952380952381, 131.07769423558898, 130.0751879699248, 129.07268170426065, 130.0751879699248, 130.0751879699248, 214.28571428571428, 214.28571428571428, 213.28320802005013, 213.28320802005013, 214.28571428571428, 215.28822055137846, 214.28571428571428, 213.28320802005013, 212.28070175438597, 248.37092731829574, 247.36842105263156, 246.3659147869674, 245.36340852130326, 244.36090225563908, 243.35839598997492, 242.35588972431077, 240.35087719298244, 239.34837092731829, 238.34586466165413, 237.34335839598998, 236.3408521303258, 235.33834586466165, 234.3358395989975, 233.33333333333331, 232.33082706766916, 500.0, 490.97744360902254, 394.7368421052631, 390.7268170426065, 386.71679197994985, 382.70676691729324, 379.69924812030075, 375.6892230576441, 371.6791979949875, 368.671679197995, 366.66666666666663, 364.6616541353383, 361.65413533834584, 318.546365914787, 228.32080200501252, 228.32080200501252, 227.31829573934834, 227.31829573934834, 308.52130325814534, 190.22556390977445, 268.42105263157896, 267.4185463659148, 265.4135338345865, 263.4085213032581, 261.4035087719298, 260.4010025062656, 259.3984962406015, 257.39348370927314, 202.25563909774434, 202.25563909774434, 254.38596491228068, 253.38345864661653, 253.38345864661653, 253.38345864661653, 213.28320802005013, 213.28320802005013, 202.25563909774434, 202.25563909774434, 325.56390977443607, 322.5563909774436, 472.93233082706763, 201.2531328320802, 201.2531328320802, 192.23057644110276, 425.8145363408521, 309.5238095238095, 308.52130325814534, 188.22055137844612, 258.3959899749373, 259.3984962406015, 259.3984962406015], "valid": [true, true, true, true, true, true, true, true, true, true, true, true, true, true, true, true, true, true, true, true, true, true, true, true, true, true, true, true, true, true, true, true, true, true, true, true, true, true, true, true, true, true, true, true, true, true, true, true, true, true, true, true, true, true, true, true, true, true, true, true, true, true, true, true, true, true, true, true, true, true, true, true, true, true, true, true, true, true, true, true, true, true, true, true, true, true, true, true, true, true, true, true, true, true, true, true, true, true, true, true, true, true, true, true, true, true, true, true, true, true, true, true, true, true, true, true, true, true, true, true, true, true, true, true, true, true, true, true, true, true, true, true, true, true, true, true, true, true, true, true, true, true, true, true, true, true, true, true, true, true, true, true, true, true, true, true, true, true, true, true, true, true, true, true, true, true, true, true, true, true, true, true, true, true, true, true, true, true, true, true, true, true, true, true, true, true, true, true, true, true, true, true, true, true, true]}}